
-- Table: Company
CREATE TABLE Company (
    ID_Company integer  NOT NULL,
    Name char(50)  NOT NULL,
    Capitalization DECIMAL(10,5)  NOT NULL,
    Location char(40)  NOT NULL,
    CONSTRAINT Company_pk PRIMARY KEY (ID_Company)
) ;

-- Table: GAMECOMM
CREATE TABLE GAMECOMM (
    ID_Game integer  NOT NULL,
    ID_Company integer  NOT NULL,
    CONSTRAINT GAMECOMM_pk PRIMARY KEY (ID_Game,ID_Company)
) ;

-- Table: GAMEREV
CREATE TABLE GAMEREV (
    KOD_Review integer  NOT NULL,
    ID_Game integer  NOT NULL,
    CONSTRAINT GAMEREV_pk PRIMARY KEY (KOD_Review,ID_Game)
) ;

-- Table: Games
CREATE TABLE Games (
    IDGame integer  NOT NULL,
    ReDate date  NULL,
    NaGame char(20)  NOT NULL,
    Genre char(15)  NOT NULL,
    CONSTRAINT Games_pk PRIMARY KEY (IDGame)
) ;

-- Table: Genre
CREATE TABLE Genre (
    Genre_nazwa char(15)  NOT NULL,
    CONSTRAINT Genre_pk PRIMARY KEY (Genre_nazwa)
) ;

-- Table: REVWRITER
CREATE TABLE REVWRITER (
    KOD_Review integer  NOT NULL,
    ID_WRITER integer  NOT NULL,
    CONSTRAINT REVWRITER_pk PRIMARY KEY (KOD_Review,ID_WRITER)
) ;

-- Table: Review
CREATE TABLE Review (
    KOD_Review integer  NOT NULL,
    Title char(30)  NOT NULL,
    Date_Writed date  NULL,
    Body_Review char(20)  NOT NULL,
    CONSTRAINT Review_pk PRIMARY KEY (KOD_Review)
) ;

-- Table: Writer
CREATE TABLE Writer (
    ID_WRITER integer  NOT NULL,
    NaWriter char(30)  NOT NULL,
    SurnWriter char(30)  NOT NULL,
    Numphone varchar(12)  NULL,
    Mail varchar(30)  NULL,
    CONSTRAINT Writer_pk PRIMARY KEY (ID_WRITER)
) ;

-- foreign keys
-- Reference: Games_Genre (table: Games)
ALTER TABLE Games ADD CONSTRAINT Games_Genre
    FOREIGN KEY (Genre)
    REFERENCES Genre (Genre_nazwa);

-- Reference: REVWRITER_Review (table: REVWRITER)
ALTER TABLE REVWRITER ADD CONSTRAINT REVWRITER_Review
    FOREIGN KEY (KOD_Review)
    REFERENCES Review (KOD_Review);

-- Reference: REVWRITER_Writer (table: REVWRITER)
ALTER TABLE REVWRITER ADD CONSTRAINT REVWRITER_Writer
    FOREIGN KEY (ID_WRITER)
    REFERENCES Writer (ID_WRITER);

-- Reference: Table_7_Company (table: GAMECOMM)
ALTER TABLE GAMECOMM ADD CONSTRAINT Table_7_Company
    FOREIGN KEY (ID_Company)
    REFERENCES Company (ID_Company);

-- Reference: Table_7_Games (table: GAMECOMM)
ALTER TABLE GAMECOMM ADD CONSTRAINT Table_7_Games
    FOREIGN KEY (ID_Game)
    REFERENCES Games (IDGame);

-- Reference: Table_8_Games (table: GAMEREV)
ALTER TABLE GAMEREV ADD CONSTRAINT Table_8_Games
    FOREIGN KEY (ID_Game)
    REFERENCES Games (IDGame);

-- Reference: Table_8_Review (table: GAMEREV)
ALTER TABLE GAMEREV ADD CONSTRAINT Table_8_Review
    FOREIGN KEY (KOD_Review)
    REFERENCES Review (KOD_Review);


--Genre
INSERT INTO GENRE (GENRE_NAZWA)
VALUES ('Action');
INSERT INTO GENRE (GENRE_NAZWA)
VALUES ('RPG');
INSERT INTO GENRE (GENRE_NAZWA)
VALUES ('Adventure');
INSERT INTO GENRE (GENRE_NAZWA)
VALUES ('Puzzle');
INSERT INTO GENRE (GENRE_NAZWA)
VALUES ('Gore');
INSERT INTO GENRE (GENRE_NAZWA)
VALUES ('Fighting');

--WRITER
INSERT INTO WRITER (ID_WRITER, NAWRITER,SURNWRITER,NUMPHONE,MAIL)
VALUES (11,'John','Calips','+12354560102','jhon_cal@gmail.com');
INSERT INTO WRITER (ID_WRITER, NAWRITER,SURNWRITER,NUMPHONE,MAIL)
VALUES (12,'Mark','Bread','+12345876511',null);
INSERT INTO WRITER (ID_WRITER, NAWRITER,SURNWRITER,NUMPHONE,MAIL)
VALUES (13,'Koll','Cosmo',null,'koll_cosmo@gmail.com');
INSERT INTO WRITER (ID_WRITER, NAWRITER,SURNWRITER,NUMPHONE,MAIL)
VALUES (14,'Rico','Sanco','+48546875442','rico_san@gmail.com');
INSERT INTO WRITER (ID_WRITER, NAWRITER,SURNWRITER,NUMPHONE,MAIL)
VALUES (15,'Pingin','Harait','+38097865432','pinni@gmail.com');

--REVIEW
INSERT INTO REVIEW (KOD_REVIEW,TITLE,DATE_WRITED,BODY_REVIEW)
VALUES (21,'BAD GAME IN HOME', '2001-10-03','PLIK_01');
INSERT INTO REVIEW (KOD_REVIEW,TITLE,DATE_WRITED,BODY_REVIEW)
VALUES (22,'WHY', '2001-11-03','PLIK_43');
INSERT INTO REVIEW (KOD_REVIEW,TITLE,DATE_WRITED,BODY_REVIEW)
VALUES (23,'LOVE TO DOG', '2002-01-09','PLIK_45');
INSERT INTO REVIEW (KOD_REVIEW,TITLE,DATE_WRITED,BODY_REVIEW)
VALUES (24,'DOOM 3', '2002-01-12','PLIK_03');
INSERT INTO REVIEW (KOD_REVIEW,TITLE,DATE_WRITED,BODY_REVIEW)
VALUES (25,'WHAT NEXT GAME', '2003-02-15','PLIK_07');
INSERT INTO REVIEW (KOD_REVIEW,TITLE,DATE_WRITED,BODY_REVIEW)
VALUES (26,'PRISON?', '2003-08-20','PLIK_91');
INSERT INTO REVIEW (KOD_REVIEW,TITLE,DATE_WRITED,BODY_REVIEW)
VALUES (27,'SMALL ENEMY','2004-07-18','PLIK_85');
INSERT INTO REVIEW (KOD_REVIEW,TITLE,DATE_WRITED,BODY_REVIEW)
VALUES (28,'BIG ENEMY', '2004-03-07','PLIK_55');
INSERT INTO REVIEW (KOD_REVIEW,TITLE,DATE_WRITED,BODY_REVIEW)
VALUES (29,'HEROES IN OUR HEART', '2005-06-09','PLIK_12');
INSERT INTO REVIEW (KOD_REVIEW,TITLE,DATE_WRITED,BODY_REVIEW)
VALUES (210,'SAM 2', '2005-11-11','PLIK_36');
INSERT INTO REVIEW (KOD_REVIEW,TITLE,DATE_WRITED,BODY_REVIEW)
VALUES (211,'RESIDENT EVIL 4', '2002-10-02','PLIK_82');

--Games
INSERT INTO GAMES (IDGAME,REDATE,NAGAME,GENRE)
VALUES (31,'2001-10-03','BAD HOME', 'Action');
INSERT INTO GAMES (IDGAME,REDATE,NAGAME,GENRE)
VALUES (32,'2004-10-08', 'Doom 3', 'Gore');
INSERT INTO GAMES (IDGAME,REDATE,NAGAME,GENRE)
VALUES (33,'2000-03-03', 'Happy evil', 'Adventure');
INSERT INTO GAMES (IDGAME,REDATE,NAGAME,GENRE)
VALUES (34,'2001-10-04', 'Mood', 'Action');
INSERT INTO GAMES (IDGAME,REDATE,NAGAME,GENRE)
VALUES (35,'2002-08-15', 'Mortal Kombat', 'Fighting');
INSERT INTO GAMES (IDGAME,REDATE,NAGAME,GENRE)
VALUES (36,null, 'HHHHim', 'Action');
INSERT INTO GAMES (IDGAME,REDATE,NAGAME,GENRE)
VALUES (37,null, 'Puzzle', 'Puzzle');
INSERT INTO GAMES (IDGAME,REDATE,NAGAME,GENRE)
VALUES (38,'2004-09-21', 'The hare', 'Adventure');
INSERT INTO GAMES (IDGAME,REDATE,NAGAME,GENRE)
VALUES (39,'2003-10-30', 'Elil', 'Action');
INSERT INTO GAMES (IDGAME,REDATE,NAGAME,GENRE)
VALUES (310,'2005-10-03', 'grom', 'RPG');
INSERT INTO GAMES (IDGAME,REDATE,NAGAME,GENRE)
VALUES (311,'2002-11-13', 'SAM 2', 'Action');
INSERT INTO GAMES (IDGAME,REDATE,NAGAME,GENRE)
VALUES (312,'2003-04-23', 'RESIDENT EVIL 4', 'Adventure');

--COMPANY
INSERT INTO COMPANY (ID_COMPANY, NAME,CAPITALIZATION,LOCATION)
VALUES (41,'Sony',13.2,'Minato');
INSERT INTO COMPANY (ID_COMPANY, NAME,CAPITALIZATION,LOCATION)
VALUES (42,'Ubisoft',0.633,'Montrei');
INSERT INTO COMPANY (ID_COMPANY, NAME,CAPITALIZATION,LOCATION)
VALUES (43,'EA',3.122,'California');
INSERT INTO COMPANY (ID_COMPANY, NAME,CAPITALIZATION,LOCATION)
VALUES (44,'Sega',5.152,'Tokyo');
INSERT INTO COMPANY (ID_COMPANY, NAME,CAPITALIZATION,LOCATION)
VALUES (45,'Activision',6.424,'California');
INSERT INTO COMPANY (ID_COMPANY, NAME,CAPITALIZATION,LOCATION)
VALUES (46,'PopKey',0.152,'Warszaw');
INSERT INTO COMPANY (ID_COMPANY, NAME,CAPITALIZATION,LOCATION)
VALUES (47,'RoseBlack',0.531,'Minato');


--GAMECOMM
INSERT INTO GAMECOMM (ID_GAME,ID_COMPANY)
VALUES (31,41);
INSERT INTO GAMECOMM (ID_GAME,ID_COMPANY)
VALUES (31,46);
INSERT INTO GAMECOMM (ID_GAME,ID_COMPANY)
VALUES (32,42);
INSERT INTO GAMECOMM (ID_GAME,ID_COMPANY)
VALUES (33,43);
INSERT INTO GAMECOMM (ID_GAME,ID_COMPANY)
VALUES (34,41);
INSERT INTO GAMECOMM (ID_GAME,ID_COMPANY)
VALUES (34,47);
INSERT INTO GAMECOMM (ID_GAME,ID_COMPANY)
VALUES (35,45);
INSERT INTO GAMECOMM (ID_GAME,ID_COMPANY)
VALUES (36,47);
INSERT INTO GAMECOMM (ID_GAME,ID_COMPANY)
VALUES (36,46);
INSERT INTO GAMECOMM (ID_GAME,ID_COMPANY)
VALUES (37,42);
INSERT INTO GAMECOMM (ID_GAME,ID_COMPANY)
VALUES (37,46);
INSERT INTO GAMECOMM (ID_GAME,ID_COMPANY)
VALUES (37,47);
INSERT INTO GAMECOMM (ID_GAME,ID_COMPANY)
VALUES (38,41);
INSERT INTO GAMECOMM (ID_GAME,ID_COMPANY)
VALUES (39,42);
INSERT INTO GAMECOMM (ID_GAME,ID_COMPANY)
VALUES (39,43);
INSERT INTO GAMECOMM (ID_GAME,ID_COMPANY)
VALUES (310,41);

--GAMEREV
INSERT INTO GAMEREV (KOD_REVIEW,ID_GAME)
VALUES (21,31);
INSERT INTO GAMEREV (KOD_REVIEW,ID_GAME)
VALUES (21,33);
INSERT INTO GAMEREV (KOD_REVIEW,ID_GAME)
VALUES (22,36);
INSERT INTO GAMEREV (KOD_REVIEW,ID_GAME)
VALUES (22,37);
INSERT INTO GAMEREV (KOD_REVIEW,ID_GAME)
VALUES (22,38);
INSERT INTO GAMEREV (KOD_REVIEW,ID_GAME)
VALUES (22,33);
INSERT INTO GAMEREV (KOD_REVIEW,ID_GAME)
VALUES (23,33);
INSERT INTO GAMEREV (KOD_REVIEW,ID_GAME)
VALUES (24,32);
INSERT INTO GAMEREV (KOD_REVIEW,ID_GAME)
VALUES (24,310);
INSERT INTO GAMEREV (KOD_REVIEW,ID_GAME)
VALUES (25,35);
INSERT INTO GAMEREV (KOD_REVIEW,ID_GAME)
VALUES (25,39);
INSERT INTO GAMEREV (KOD_REVIEW,ID_GAME)
VALUES (25,34);
INSERT INTO GAMEREV (KOD_REVIEW,ID_GAME)
VALUES (26,37);
INSERT INTO GAMEREV (KOD_REVIEW,ID_GAME)
VALUES (27,32);
INSERT INTO GAMEREV (KOD_REVIEW,ID_GAME)
VALUES (27,31);
INSERT INTO GAMEREV (KOD_REVIEW,ID_GAME)
VALUES (27,38);
INSERT INTO GAMEREV (KOD_REVIEW,ID_GAME)
VALUES (27,39);
INSERT INTO GAMEREV (KOD_REVIEW,ID_GAME)
VALUES (27,310);
INSERT INTO GAMEREV (KOD_REVIEW,ID_GAME)
VALUES (28,311);
INSERT INTO GAMEREV (KOD_REVIEW,ID_GAME)
VALUES (28,32);
INSERT INTO GAMEREV (KOD_REVIEW,ID_GAME)
VALUES (210,311);
INSERT INTO GAMEREV (KOD_REVIEW,ID_GAME)
VALUES (211,312);

--REVWRITER
INSERT INTO REVWRITER (KOD_REVIEW,ID_WRITER)
VALUES (21,11);
INSERT INTO REVWRITER (KOD_REVIEW,ID_WRITER)
VALUES (21,12);
INSERT INTO REVWRITER (KOD_REVIEW,ID_WRITER)
VALUES (22,15);
INSERT INTO REVWRITER (KOD_REVIEW,ID_WRITER)
VALUES (22,14);
INSERT INTO REVWRITER (KOD_REVIEW,ID_WRITER)
VALUES (22,13);
INSERT INTO REVWRITER (KOD_REVIEW,ID_WRITER)
VALUES (23,13);
INSERT INTO REVWRITER (KOD_REVIEW,ID_WRITER)
VALUES (24,11);
INSERT INTO REVWRITER (KOD_REVIEW,ID_WRITER)
VALUES (25,12);
INSERT INTO REVWRITER (KOD_REVIEW,ID_WRITER)
VALUES (25,13);
INSERT INTO REVWRITER (KOD_REVIEW,ID_WRITER)
VALUES (26,14);
INSERT INTO REVWRITER (KOD_REVIEW,ID_WRITER)
VALUES (26,15);
INSERT INTO REVWRITER (KOD_REVIEW,ID_WRITER)
VALUES (27,12);
INSERT INTO REVWRITER (KOD_REVIEW,ID_WRITER)
VALUES (28,11);
INSERT INTO REVWRITER (KOD_REVIEW,ID_WRITER)
VALUES (28,13);
INSERT INTO REVWRITER (KOD_REVIEW,ID_WRITER)
VALUES (29,11);
INSERT INTO REVWRITER (KOD_REVIEW,ID_WRITER)
VALUES (29,12);
INSERT INTO REVWRITER (KOD_REVIEW,ID_WRITER)
VALUES (29,13);
INSERT INTO REVWRITER (KOD_REVIEW,ID_WRITER)
VALUES (29,14);
INSERT INTO REVWRITER (KOD_REVIEW,ID_WRITER)
VALUES (29,15);
INSERT INTO REVWRITER (KOD_REVIEW,ID_WRITER)
VALUES (210,12);
INSERT INTO REVWRITER (KOD_REVIEW,ID_WRITER)
VALUES (210,11);
INSERT INTO REVWRITER (KOD_REVIEW,ID_WRITER)
VALUES (211,15);

